,source,text,date,retweet_count,favorite_count,id_str,time
2134,Twitter for Android,"""@Finenco: Rand Paul #speech is a repeat of every other #politician. Heard it before @TexasGOP @nytimes We need flat tax #Vote 4 DonaldTrump",2015-04-08,11,27,585726757262782464,08:51:55.000000
2360,Twitter for Android,"""@pare900: @HAJMAJA @realDonaldTrump Trump wants low taxes, strong defense and jobs . Trump is good at creating jobs.",2015-04-15,15,36,588313552047439872,12:10:55.000000
2417,Twitter Web Client,"My @TeamCavuto int. on simplifying the tax code, our incompetent leaders, Iran and making America great again http://t.co/qOYj0clN4j",2015-04-16,21,40,588768626049683456,18:19:13.000000
2526,Twitter for Android,"""@amir_ibrahim26: @realDonaldTrump I think u should run for president all small business here in Memphis the closing down because of tax""",2015-04-19,23,38,589935127461027840,23:34:29.000000
2743,Twitter for Android,"Now that the ineffective Baltimore  Police have allowed the city to be destroyed, are the U.S. taxpayers expected to rebuild it (again)?",2015-04-28,1645,1792,592991427304562688,09:59:08.000000
3851,Twitter Web Client,Flashback ‚Äì Jeb Bush received a $4M tax payer bailout in 1990 http://t.co/R2bpNbRQRX  Guess who was POTUS then?,2015-06-22,220,255,613032931460784128,17:16:55.000000
4800,Twitter Web Client,"Should not raise taxes in Wisconsin, but massive budget deficit. Education, roads, etc suffering. @DanHenninger lies. @WSJ",2015-07-31,223,563,627110603384037376,13:36:33.000000
5072,Twitter for Android,"The last thing we need is another Bush in the White House. Would be the same old thing (remember ""read my lips, no more taxes""). GREATNESS!",2015-08-23,2800,5433,635401058123059200,10:39:52.000000
5217,Twitter for Android,The hedge fund guys (gals) have to pay higher taxes ASAP. They are paying practically nothing. We must reduce taxes for the middle class!,2015-09-05,4717,7930,640281925270286336,21:54:41.000000
5351,Twitter Web Client,"My plan will lower taxes for our country, not raise them. Phony @club4growth says I will raise taxes‚Äîjust another lie.",2015-09-15,1967,3488,643843401037819904,17:46:43.000000
5352,Twitter Web Client,.@club4growth asked me for $1 million. I said no. Now falsely advertising that I will raise taxes. I‚Äôll lower big league for middle class.,2015-09-15,1664,2960,643843692588081152,17:47:53.000000
5466,Twitter for Android,"""@MiriamRoseMc:  #TRUMp2016 would be the best for the country, jobs, trade and taxes - all others are status quo #MakeAmericaGreatAgain""",2015-09-22,852,1693,646296388209405952,12:14:01.000000
5534,Twitter for Android,"""@greta: . @realDonaldTrump announces his tax plan tomorrow morning http://t.co/bQ0Xjs63XH""",2015-09-28,941,2129,648323558360379392,02:29:16.000000
5543,Twitter for iPhone,Looking forward to press conference on taxes at 11AM at @TrumpTowerNY.,2015-09-28,1085,2217,648498271074304000,14:03:30.000000
5545,Twitter Web Client,I know you will enjoy reading my tax plan- http://t.co/FxtUQNXEFH #MakeAmericaGreatAgain,2015-09-28,2732,4265,648522896193810432,15:41:22.000000
5548,Twitter Web Client,Will be doing @OutFrontCNN with @ErinBurnett tonight at 7 pm re: tax reductions and various other topics.,2015-09-28,1515,2215,648573138968662016,19:01:00.000000
5564,Twitter Web Client,Highly respected economist @Larry_Kudlow is a big fan of my tax plan‚Äîthank you Larry. http://t.co/VT8Y7c8PSn,2015-09-30,1493,2529,649235388947677184,14:52:33.000000
5930,Twitter Web Client,Signing my tax return.... http://t.co/XJfXeaORbU,2015-10-15,6593,10727,654706635663773696,17:13:20.000000
6266,Twitter for Android,"""@SteveBashino:  Trump good for legal immigration, economy, defense, taxes, Social Security, Medicare, 2nd Amendment, and ALL Americans.""",2015-10-29,883,1943,659732256097873920,14:03:21.000000
7088,Twitter for Android,"The @washingtonpost, which loses a fortune, is owned by  @JeffBezos for purposes of keeping taxes down at his no profit company, @amazon.",2015-12-07,1233,2374,673881733415178240,15:08:20.000000
7089,Twitter for Android,The @washingtonpost loses   money (a deduction) and gives owner @JeffBezos power to screw public on low taxation of @Amazon! Big tax shelter,2015-12-07,1566,2596,673884271954776064,15:18:25.000000
7090,Twitter for Android,"If @amazon ever had to pay fair taxes, its stock would crash and it would crumble like a paper bag. The @washingtonpost scam is saving it!",2015-12-07,1729,3136,673885376742825984,15:22:48.000000
7410,Twitter for Android,"The @washingtonpost, which is the lobbyist (power) for not imposing taxes on #Amazon, today did a nasty cartoon attacking @tedcruz kids. Bad",2015-12-23,2229,5748,679676684501692416,14:55:24.000000
7470,Twitter for Android,"Strange, but I see wacko Bernie Sanders allies coming over to me because I'm lowering taxes, while he will double &amp; triple them, a disaster!",2015-12-28,3979,9761,681468264615165952,13:34:30.000000
7818,Twitter for iPhone,The tax scam Washington Post does among the most inaccurate stories of all. Really dishonest reporting.,2016-01-22,1086,3496,690682449387397120,23:48:22.000000
8186,Twitter for Android,"""@ThtsWhtKelSaid: I'm fed up w/ DC playing 3 card Monty w/ our tax $'s. It's time we the people play the Trump card, &amp; take back our country",2016-02-13,1972,5867,698588112994353152,19:22:39.000000
8363,Twitter for Android,"Mitt Romney,who totally blew an election that should have been won and whose tax returns made him look like a fool, is now playing tough guy",2016-02-24,4586,11008,702632410341576704,23:13:15.000000
8381,Twitter for Android,"Mitt Romney, who was one of the dumbest and worst candidates in the history of Republican politics, is now pushing me on tax returns. Dope!",2016-02-25,8096,22266,702833969537142784,12:34:11.000000
8383,Twitter for iPhone,"Just for your info, tax returns have 0 to do w/ someone‚Äôs net worth. I have already filed my financial statements w/ FEC. They are great!",2016-02-25,3388,10132,702891487776866304,16:22:44.000000
8384,Twitter for iPhone,Signing a recent tax return- isn't this ridiculous? https://t.co/UdwqF4iZIZ,2016-02-25,7333,17963,702894623761498112,16:35:12.000000
8392,Twitter for iPhone,Failed presidential candidate @MittRomney was made to look like a fool by Senator Harry Reid &amp; didn't release his tax returns until 9/21/12.,2016-02-26,2540,6938,703092155577831424,05:40:07.000000
8429,Twitter for Android,"Tax experts throughout the media agree that no sane person would give their tax returns during an audit. After the audit, no problem!",2016-02-27,3163,10302,703600613897023488,15:20:33.000000
8456,Twitter for Android,"Mitt Romney didn't show his tax return until SEPTEMBER 21, 2012, and then only after being humiliated by Harry R! A bad messenger for estab!",2016-02-28,4856,9115,704000092840325120,17:47:56.000000
8983,Twitter for Android,"""@PennyHicks13: @Carolde @kisster1 @FoxNews   Your tax and economic plans are second to none! https://t.co/Q08Kp4esxl Media shld report.",2016-04-10,2055,6156,718993739348361216,02:47:20.000000
9265,Twitter Web Client,I am lowering taxes far more than any other candidate. Any negotiated increase by Congress to my proposal would still be lower than current!,2016-05-09,6708,19811,729722941521469440,17:21:21.000000
9271,Twitter for Android,"Why does the media, with a strong push from Crooked Hillary, keep pushing the false narrative that I want to raise taxes. Exactly opposite!",2016-05-10,7532,19621,730018836808933376,12:57:08.000000
9294,Twitter for Android,"In interview I told @AP that my taxes are under routine audit and I would release my tax returns when audit is complete, not after election!",2016-05-11,4770,15490,730500562022760448,20:51:20.000000
9299,Twitter Web Client,.@thehill  Your story about me &amp; the carbon tax is absolutely incorrect‚Äîit is just the opposite. I will not support or endorse a carbon tax!,2016-05-13,6929,16634,731192363809394688,18:40:19.000000
9444,Twitter for Android,"Crooked Hillary Clinton overregulates, overtaxes and doesn't care about jobs. Most importantly, she suffers from plain old bad judgement!",2016-05-24,6923,19945,735073508124983296,11:42:35.000000
9716,Twitter for Android,Crooked Hillary refuses to say that she will be raising taxes beyond belief! She will be a disaster for jobs and the economy!,2016-06-22,9776,28348,745455382882033664,03:16:27.000000
9780,Twitter for Android,"""@vegas_sports: Good for @realDonaldTrump he's smart on business. Maybe If corporations weren't overtaxed they would stay. Voting for #Trump",2016-06-28,2549,8797,747873024515407872,19:23:18.000000
10114,Twitter for iPhone,"A vote for Clinton-Kaine is a vote for TPP, NAFTA, high taxes, radical regulation, and massive influx of refugees.",2016-07-28,16928,39254,758761945910669312,20:31:59.000000
10156,Twitter for iPhone,"Colorado was amazing yesterday! So much support. Our tax, trade and energy reforms will bring great jobs to Colorado and the whole country.",2016-07-30,4994,19853,759371377002553344,12:53:39.000000
10165,Twitter for iPhone,"Crooked Hillary Clinton is soft on crime, supports open borders, and wants massive tax hikes. A formula for disaster!",2016-07-30,9653,28636,759450265208651776,18:07:07.000000
10330,Twitter for Android,A massive tax increase will be necessary to fund Crooked Hillary Clinton's agenda. What a terrible (and boring) rollout that was yesterday!,2016-08-12,10134,32559,764055793951834112,11:07:51.000000
10676,Twitter for iPhone,"Hillary Clinton just lost every Republican she ever had, including Never Trump, all farmers &amp; sm. biz, by saying she‚Äôll tax estates at 65%.",2016-09-23,19749,39606,779371482329837568,17:26:56.000000
10699,Twitter for iPhone,A Clinton economy = more taxes and more spending! #DebateNight https://t.co/oFlaAhrwe5,2016-09-27,8073,17073,780580825234415616,01:32:25.000000
10771,Twitter for Android,I know our complex tax laws better than anyone who has ever run for president and am the only one who can fix them. #failing@nytimes,2016-10-02,15421,41385,782541307168391168,11:22:41.000000
10801,Twitter for Android,"""@ARSenMissyIrvin: I want a ""you're fired"" president with people in Govt who are WASTING my tax $'s. @realDonaldTrump""",2016-10-05,5123,17819,783480144614658048,01:33:17.000000
10883,Twitter for iPhone,"We're going to cut taxes BIG LEAGUE for the middle class. She's raising your taxes and I'm lowering your taxes!
https://t.co/ZwIkqNH2FX",2016-10-10,5976,16516,785298212513021952,01:57:38.000000
10897,Twitter for iPhone,"MY PRO-GROWTH Econ Plan:
‚úÖEliminate excessive regulations! 
‚úÖLean government!
‚úÖLower taxes!
#Debates¬†‚Ä¶ https://t.co/OchcnuSAgR",2016-10-10,11823,27030,785306782033907712,02:31:41.000000
11044,Twitter for iPhone,Hillary Clinton will use American tax dollars to provide amnesty for thousands of illegals. I will put‚Ä¶ https://t.co/ZpV33TfbR6,2016-10-20,5668,11097,788913356656652288,01:22:56.000000
11057,Twitter Web Client,.@HillaryClinton's tax hikes will CRUSH our economy. I will cut taxes -- BIG LEAGUE. https://t.co/EtA1tBnrNG https://t.co/NgMDP4wilI,2016-10-20,3675,8271,788918380082319360,01:42:53.000000
11060,Twitter Web Client,#CrookedHillary's plan will add $1.15 TRILLION in new taxes. We cannot afford her! #DrainTheSwamp #Debate https://t.co/jpjKY1IiQh,2016-10-20,4006,7426,788918981818134528,01:45:17.000000
11092,Twitter Web Client,.@realDonaldTrump is going to cut taxes BIG LEAGUE -- Crooked is going to raise taxes BIG LEAGUE! #DrainTheSwamp‚Ä¶ https://t.co/41X9Qjy0RJ,2016-10-20,5104,11316,788930895600160768,02:32:37.000000
11445,Twitter for Android,"The U.S. is going to substantialy reduce taxes and regulations on businesses, but any business that leaves our country for another country,",2016-12-04,13697,53412,805376548882776064,11:41:47.000000
11447,Twitter for Android,"without retribution or consequence, is WRONG! There will be a tax on our soon to be strong border of 35% for these companies ......",2016-12-04,12287,48467,805380553008680960,11:57:41.000000
11448,Twitter for Android,"wanting to sell their product, cars, A.C. units etc., back across the border. This tax will make leaving financially difficult, but.....",2016-12-04,9654,40464,805382541343653888,12:05:35.000000
11449,Twitter for Android,"these companies are able to move between all 50 states, with no tax or tariff being charged. Please be forewarned prior to making a very ...",2016-12-04,10315,42184,805386422807105536,12:21:01.000000
11453,Twitter for Android,"Did China ask us if it was OK to devalue their currency (making it hard for our companies to compete), heavily tax our products going into..",2016-12-04,20602,67532,805538149157969920,22:23:55.000000
11454,Twitter for Android,their country (the U.S. doesn't tax them) or to build a massive military complex in the middle of the South China Sea?  I don't think so!,2016-12-04,14475,51993,805539770864693248,22:30:22.000000
11573,Twitter for Android,General Motors is sending Mexican made model of Chevy Cruze to U.S. car dealers-tax free across border. Make in U.S.A.or pay big border tax!,2017-01-03,18864,73104,816260343391514624,12:30:05.000000
11577,Twitter for Android,"........may be, their number one act and priority. Focus on tax reform, healthcare and so many other things of far greater importance! #DTS",2017-01-03,9525,42800,816300003442495488,15:07:41.000000
11598,Twitter for Android,"Toyota Motor said will build a new plant in Baja, Mexico, to build Corolla cars for U.S. NO WAY! Build plant in U.S. or pay big border tax.",2017-01-05,32121,107842,817071792711942144,18:14:30.000000
11784,Twitter for Android,"Meeting with biggest business leaders this morning. Good jobs are coming back to U.S., health care and tax bills are being crafted NOW!",2017-02-03,19308,125846,827482059438432256,11:41:11.000000
11788,Twitter for Android,Countries charge U.S. companies taxes or tariffs while the U.S. charges them nothing or little.We should charge them SAME as they charge us!,2017-02-04,27046,154637,827715246135574528,03:07:47.000000
11873,Twitter for Android,Stock market hits new high with longest winning streak in decades. Great level of confidence and optimism - even before tax plan rollout!,2017-02-16,23643,127764,832191485701451776,11:34:46.000000
11911,Twitter for Android,"Great optimism for future of U.S. business, AND JOBS, with the DOW having an 11th straight record close. Big tax &amp; regulation cuts coming!",2017-02-25,19846,104027,835481237879926784,13:27:04.000000
11979,Twitter for iPhone,"Does anybody really believe that a reporter, who nobody ever heard of, ""went to his mailbox"" and found my tax returns? @NBCNews  FAKE NEWS!",2017-03-15,25824,102694,841966077005463552,10:55:30.000000
11983,Twitter for iPhone,CEO's most optimistic since 2009. It will only get better as we continue to slash unnecessary regulations and when we begin our big tax cut!,2017-03-15,14336,80595,841985915778142208,12:14:20.000000
12044,Twitter for iPhone,"If @RepMarkMeadows, @Jim_Jordan and Raul_Labrador would get on board we would have both great healthcare and massive tax cuts &amp; reform.",2017-03-30,348,1550,847558790358728704,21:18:57.000000
12045,Twitter for iPhone,"If @RepMarkMeadows, @Jim_Jordan and @Raul_Labrador would get on board we would have both great healthcare and massive tax cuts &amp; reform.",2017-03-30,7722,38242,847559239149158400,21:20:44.000000
12115,Twitter for iPhone,"The super Liberal Democrat in the Georgia Congressioal race tomorrow wants to protect criminals, allow illegal immigration and raise taxes!",2017-04-17,19415,61174,853964023846588416,13:31:03.000000
12118,Twitter for iPhone,"With eleven Republican candidates running in Georgia (on Tuesday) for Congress, a runoff will be a win. Vote ""R"" for lower taxes &amp; safety!",2017-04-18,13599,61163,854157191053553664,02:18:38.000000
12121,Twitter for iPhone,"Democrat Jon Ossoff would be a disaster in Congress. VERY weak on crime and illegal immigration, bad for jobs and wants higher taxes. Say NO",2017-04-18,14367,56986,854283110191685632,10:38:59.000000
12122,Twitter for iPhone,Republicans must get out today and VOTE in Georgia 6. Force runoff and easy win! Dem Ossoff will raise your taxes-very bad on crime &amp; 2nd A.,2017-04-18,16046,62665,854284952539725824,10:46:19.000000
12171,Twitter for iPhone,"Democrats are trying to bail out insurance companies from disastrous #ObamaCare, and Puerto Rico with your tax dollars. Sad!",2017-04-26,15446,53161,857370270776086528,23:06:16.000000
12236,Twitter for iPhone,"The Russia-Trump collusion story is a total hoax, when will this taxpayer funded charade end?",2017-05-08,16471,64797,861713823505494016,22:46:00.000000
12384,Twitter for iPhone,"The Democrats have no message,  not on economics, not on taxes,  not on jobs, not on failing #Obamacare. They are only OBSTRUCTIONISTS!",2017-06-11,30589,111616,873884774041079808,12:49:00.000000
12424,Twitter for iPhone,"The Dems want to stop tax cuts, good healthcare and Border Security.Their ObamaCare is dead with 100% increases in P's. Vote now for Karen H",2017-06-19,22909,84993,876778344636928000,12:27:01.000000
12426,Twitter for iPhone,"Ralph Norman, who is running for Congress in SC's 5th District, will be a fantastic help to me in cutting taxes, and....",2017-06-19,13012,53526,876899176562524160,20:27:10.000000
12429,Twitter for iPhone,"....because he doesn't live there! He wants to raise taxes &amp; kill healthcare. On Tuesday, #VoteKarenHandel.",2017-06-19,1458,4996,876899886272319488,20:29:59.000000
12431,Twitter for iPhone,"....because he doesn't even live there! He wants to raise taxes and kill healthcare. On Tuesday, #VoteKarenHandel.",2017-06-19,10734,43659,876901304207069184,20:35:37.000000
12434,Twitter for iPhone,"Big day tomorrow in Georgia and South Carolina. ObamaCare is dead. Dems want to raise taxes big! They can only obstruct, no ideas. Vote ""R""",2017-06-20,20698,82229,876964061027684352,00:45:00.000000
12435,Twitter for iPhone,"Democrat Jon Ossoff, who wants to raise your taxes to the highest level and is weak on crime and security, doesn't even live in district.",2017-06-20,19250,70567,877101173412638720,09:49:50.000000
12436,Twitter for iPhone,"KAREN HANDEL FOR CONGRESS. She will fight for lower taxes, great healthcare strong security-a hard worker who will never give up! VOTE TODAY",2017-06-20,21313,82075,877104262463008768,10:02:06.000000
12490,Twitter for iPhone,"The #AmazonWashingtonPost, sometimes referred to as the guardian of Amazon not paying internet taxes (which they should) is FAKE NEWS!",2017-06-28,13407,54720,880049704620494848,13:06:14.000000
12679,Twitter for iPhone,So many stories about me in the @washingtonpost are Fake News. They are as bad as ratings challenged @CNN. Lobbyist for Amazon and taxes?,2017-07-25,13338,55705,889673743873843200,02:28:44.000000
12680,Twitter for iPhone,Is Fake News Washington Post being used as a lobbyist weapon against Congress to keep Politicians from looking into Amazon no-tax monopoly?,2017-07-25,17448,63048,889675644396867584,02:36:17.000000
12749,Media Studio,I campaigned on creating a merit-based immigration system that protects U.S. workers &amp; taxpayers. Watch: https://t.co/lv3ScSKnF6 #RAISEAct https://t.co/zCFK5OfYnB,2017-08-02,20342,78586,892814520942460928,18:29:04.000000
12761,Twitter for iPhone,"Consumer confidence is at a 16 year high....and for good reason. Much more regulation ""busting"" to come. Working hard on tax cuts &amp; reform!",2017-08-04,14948,75633,893417795614121984,10:26:16.000000
12816,Twitter for iPhone,"Luther Strange of the Great State of Alabama has my endorsement. He is strong on Border &amp; Wall, the military, tax cuts &amp; law enforcement.",2017-08-14,11474,60284,897044700124909568,10:38:17.000000
12828,Twitter for iPhone,"Amazon is doing great damage to tax paying retailers. Towns, cities and states throughout the U.S. are being hurt - many jobs being lost!",2017-08-16,18254,70636,897763049226084352,10:12:45.000000
12925,Twitter for iPhone,"I will also be going to a wonderful state, Missouri, that I won by a lot in '16. Dem C.M. is opposed to big tax cuts. Republican will win S!",2017-08-27,12499,68292,901795255086968832,13:15:18.000000
12937,Twitter for iPhone,Will be leaving for Missouri soon for a speech on tax cuts and tax reform - so badly needed!,2017-08-30,14174,83586,902889225061896192,13:42:20.000000
12968,Twitter for iPhone,Will be going to North Dakota today to discuss tax reform and tax cuts. We are the highest taxed nation in the world - that will change.,2017-09-06,17766,89928,905381817695526912,10:47:01.000000
12975,Twitter for iPhone,"If we want to renew our PROSPERITY, restore OPPORTUNITY, &amp; re-establish our economic DOMINANCE, then we need tax reform that is pro-growth.. https://t.co/9NzLg2Qzpo",2017-09-07,17172,69771,905586115440242688,00:18:49.000000
13005,Twitter for iPhone,China has a business tax rate of 15%. We should do everything possible to match them in order to win with our economy. Jobs and wages!,2017-09-14,17849,76499,908154067658174464,02:22:57.000000
13115,Twitter for iPhone,The White House never looked more beautiful than it did returning last night. Important meetings taking place today. Big tax cuts &amp; reform.,2017-09-25,14142,84347,912281550712135680,11:44:05.000000
13153,Twitter for iPhone,Democrats don't want massive tax cuts - how does that win elections? Great reviews for Tax Cut and Reform Bill.,2017-09-28,17703,78830,913371663789625344,11:55:48.000000
13244,Twitter for iPhone,"Why is the NFL getting massive tax breaks while at the same time disrespecting our Anthem, Flag and Country? Change tax law!",2017-10-10,32459,138388,917694644481413120,10:13:47.000000
13254,Twitter for iPhone,"...if Congress gives us the massive tax cuts (and reform) I am asking for, those numbers will grow by leaps and bounds. #MAGA",2017-10-11,11212,54905,918060313748164608,10:26:50.000000
13255,Twitter for iPhone,It would be really nice if the Fake News Media would report the virtually unprecedented Stock Market growth since the election.Need tax cuts,2017-10-11,15430,74375,918061437750267904,10:31:18.000000
13256,Twitter for iPhone,"The Democrats want MASSIVE tax increases &amp; soft, crime producing borders.The Republicans want the biggest tax cut in history &amp; the WALL!",2017-10-11,19401,84312,918062778522505216,10:36:37.000000
13263,Twitter for iPhone,"We need a tax system that is FAIR to working families &amp; that encourages companies to STAY in America, GROW in America, and HIRE in Americaüá∫üá∏ https://t.co/u9ZgijgLE3",2017-10-11,12276,56587,918257107182473216,23:28:49.000000
13267,Twitter for iPhone,Clips from tax speech and @seanhannity on @foxandfriends now. Have a great day!,2017-10-12,6731,37718,918417002733154304,10:04:11.000000
13273,Media Studio,"We need a tax system that is FAIR to working FAMILIES &amp; that encourages companies to STAY in AMERICA, GROW in AMERICA, and HIRE in AMERICA! https://t.co/DdI1yWi7YZ",2017-10-12,15614,68294,918541193037967360,18:17:40.000000
13297,Twitter for iPhone,Art Laffer just said that he doesn't know how a Democrat could vote against the big tax cut/reform bill and live with themselves!  @FoxNews,2017-10-16,12938,58127,919900022409449472,12:17:10.000000
13298,Twitter for iPhone,The Democrats only want to increase taxes and obstruct. That's all they are good at!,2017-10-16,12973,57644,919901190376259584,12:21:49.000000
13321,Media Studio,The current tax code is a burden on American taxpayers &amp; harmful to job-creators. Americans need #TaxReform! More: https://t.co/qXyiYiFWCO https://t.co/NGIjJOc3TP,2017-10-18,10590,43710,920667567030710272,15:07:07.000000
13330,Twitter for iPhone,"Republicans are going for the big Budget approval today, first step toward massive tax cuts. I think we have the votes, but who knows?",2017-10-19,13566,72482,920966294035451904,10:54:09.000000
13338,Twitter for iPhone,Great news on the 2018 budget @SenateMajLdr McConnell - first step toward delivering MASSIVE tax cuts for the American people! #TaxReform https://t.co/aBzQR7KR0c,2017-10-20,13058,55053,921242760685998080,05:12:44.000000
13344,Media Studio,This is a once-in-a-generation opportunity to offer historic tax relief to the American people! Join me today: https://t.co/9czcJDbmVW https://t.co/s3kXpvbYih,2017-10-20,16056,64941,921483820288921600,21:10:37.000000
13346,Twitter for iPhone,"Budget that just passed is a really big deal, especially in terms of what will be the biggest tax cut in U.S. history - MSM barely covered!",2017-10-21,15668,71126,921705862992887808,11:52:56.000000
13362,Twitter for iPhone,"There will be NO change to your 401(k). This has always been a great and popular middle class tax break that works, and it stays!",2017-10-23,25159,118075,922428118685581312,11:42:56.000000
13377,Twitter for iPhone,"Working hard on the biggest tax cut in U.S. history. Great support from so many sides. Big winners will be the middle class, business &amp; JOBS",2017-10-25,19051,95816,923150966551171072,11:35:16.000000
13560,Twitter Web Client,"I am proud of the Rep. House &amp; Senate for working so hard on cutting taxes {&amp; reform.} We‚Äôre getting close! Now, how about ending the unfair &amp; highly unpopular Indiv Mandate in OCare &amp; reducing taxes even further? Cut top rate to 35% w/all of the rest going to middle income cuts?",2017-11-13,16528,77853,930089374187950080,15:06:01.000000
13580,Twitter for iPhone,Why are Democrats fighting massive tax cuts for the middle class and business (jobs)? The reason: Obstruction and Delay!,2017-11-16,23817,101559,930981685658902528,02:11:45.000000
13587,Twitter for iPhone,"Big win today in the House for GOP Tax Cuts and Reform, 227-205. Zero Dems, they want to raise taxes much higher, but not for our military!",2017-11-17,12904,64038,931355543096233984,02:57:19.000000
13591,Twitter for iPhone,"If Democrats were not such obstructionists and understood the power of lower taxes, we would be able to get many of their ideas into Bill!",2017-11-17,21521,100044,931477193255014400,11:00:43.000000
13597,Twitter for iPhone,"Sen. Jeff Flake(y), who is unelectable in the Great State of Arizona (quit race, anemic polls) was caught (purposely) on ‚Äúmike‚Äù saying bad things about your favorite President. He‚Äôll be a NO on tax cuts because his political career anyway is ‚Äútoast.‚Äù",2017-11-19,16532,70791,932388590344196096,23:22:17.000000
13665,Twitter for iPhone,"This week, the Senate can join the House &amp; take a strong stand for the Middle Class families who are the backbone of America. Together, we will give the American people a big, beautiful Christmas present-a massive tax cut that lets Americans keep more of their HARD-EARNED MONEY! https://t.co/9jddEW2Oo5",2017-11-29,12542,54882,936005585019002880,22:54:56.000000
13689,Twitter for iPhone,"Economists on the TAX CUTS and JOBS ACT:

‚ÄúThe enactment of a comprehensive overhaul - complete with a lower corporate tax rate - will IGNITE our ECONOMY with levels of GROWTH not SEEN IN GENERATIONS...‚Äù https://t.co/2vCBDtLh3C",2017-12-01,15817,60513,936713881711529984,21:49:27.000000
13690,Twitter for iPhone,We are one step closer to delivering MASSIVE tax cuts for working families across America. Special thanks to @SenateMajLdr Mitch McConnell and Chairman @SenOrrinHatch for shepherding our bill through the Senate. Look forward to signing a final bill before Christmas! https://t.co/gmWTny3SfS,2017-12-02,17324,71463,936864840240398336,07:49:18.000000
13705,Twitter for iPhone,"Putting Pelosi/Schumer Liberal Puppet Jones into office in Alabama would hurt our great Republican Agenda of low on taxes, tough on crime, strong on military and borders...&amp; so much more. Look at your 401-k‚Äôs since Election. Highest Stock Market EVER! Jobs are roaring back!",2017-12-04,22222,96062,937652739001212928,12:00:08.000000
13758,Twitter for iPhone,"As a candidate, I promised we would pass a massive tax cut for the everyday, working Americans. If you make your voices heard, this moment will be forever remembered as a great new beginning ‚Äì the dawn of a brilliant American future shining with PATRIOTISM, PROSPERITY AND PRIDE! https://t.co/exsBzrlCdw",2017-12-14,18400,77121,941353395121741824,17:05:13.000000
13791,Twitter for iPhone,"Congratulations to Paul Ryan, Kevin McCarthy, Kevin Brady, Steve Scalise, Cathy McMorris Rodgers and all great House Republicans who voted in favor of cutting your taxes!",2017-12-19,24855,128188,943213901625294848,20:18:12.000000
13798,Twitter for iPhone,"The Massive Tax Cuts, which the Fake News Media is desperate to write badly about so as to please their Democrat bosses, will soon be kicking in and will speak for themselves. Companies are already making big payments to workers. Dems want to raise taxes, hate these big Cuts!",2017-12-21,25744,111795,943819430735372288,12:24:22.000000
13809,Twitter for iPhone,"95% of Americans will pay less or, at worst, the same amount of taxes (mostly far less). The Dems only want to raise your taxes!",2017-12-22,21759,104354,944247868126318592,16:46:49.000000
13845,Twitter for iPhone,"On Taxes: ‚ÄúThis is the biggest corporate rate cut ever, going back to the corporate income tax rate of roughly 80 years ago.This is a huge pro-growth stimulus for the economy. Every year the Obama WH overstated how the economy would grow. Now real economics and jobs.‚Äù @WSJ Report",2017-12-30,16703,73325,947213895286054912,21:12:45.000000
13847,Twitter for iPhone,"Jobs are kicking in and companies are coming back to the U.S. Unnecessary regulations and high taxes are being dramatically Cut, and it will only get better. MUCH MORE TO COME!",2017-12-30,24332,117013,947236393184628736,22:42:09.000000
13867,Twitter for iPhone,"Cutting taxes and simplifying regulations makes America the place to invest! Great news as Toyota and Mazda announce they are bringing 4,000 JOBS and investing $1.6 BILLION in Alabama, helping to further grow our economy! https://t.co/Kcg8IVH6iA",2018-01-10,23085,89943,951236634095308800,23:37:41.000000
13999,Twitter for iPhone,The Democrats are pushing for Universal HealthCare while thousands of people are marching in the UK because their U system is going broke and not working. Dems want to greatly raise taxes for really bad and non-personal medical care. No thanks!,2018-02-05,30625,120989,960486144818450432,12:11:56.000000
14004,Twitter for iPhone,"Thanks to the historic TAX CUTS that I signed into law, your paychecks are going way UP, your taxes are going way DOWN, and America is once again OPEN FOR BUSINESS! https://t.co/GISFbDDGXX",2018-02-05,22886,105977,960614513224667136,20:42:01.000000
14085,Twitter for iPhone,"Republicans are now leading the Generic Poll, perhaps because of the popular Tax Cuts which the Dems want to take away. Actually, they want to raise you taxes, substantially. Also, they want to do nothing on DACA, R‚Äôs want to fix!",2018-02-20,17161,82044,965932714141650944,12:54:39.000000
14087,Twitter for iPhone,"Hope Republicans in the Great State of Pennsylvania challenge the new ‚Äúpushed‚Äù Congressional Map, all the way to the Supreme Court, if necessary. Your Original was correct! Don‚Äôt let the Dems take elections away from you so that they can raise taxes &amp; waste money!",2018-02-20,20211,79178,965937068907073536,13:11:58.000000
14221,Twitter for iPhone,"The Pittsburgh Post Gazette just endorsed Rick Saccone for Congress. He will be much better for steel and business. Very strong on experience and what our Country needs. Lamb will always vote for Pelosi and Dems....Will raise taxes, weak on Crime and Border.",2018-03-12,12983,50956,973207890084401152,14:43:36.000000
14240,Twitter for iPhone,It was wonderful to be back in Missouri where our push for historic TAX CUTS all began. Six months ago I promised that we would cut taxes to bring Main Street roaring back - and that is exactly what is happening! https://t.co/4kPofEii3i,2018-03-14,14588,66958,974069957905428480,23:49:09.000000
14242,Twitter for iPhone,"Larry Kudlow will be my Chief Economic Advisor as Director of the National Economic Council. Our Country will have many years of Great Economic &amp; Financial Success, with low taxes, unparalleled innovation, fair trade and an ever expanding labor force leading the way! #MAGA",2018-03-15,17466,81249,974241711315709952,11:11:39.000000
14305,Twitter for iPhone,"I have stated my concerns with Amazon long before the Election. Unlike others, they pay little or no taxes to state &amp; local governments, use our Postal System as their Delivery Boy (causing tremendous loss to the U.S.), and are putting many thousands of retailers out of business!",2018-03-29,33388,130541,979326715272065024,11:57:38.000000
14311,Twitter for iPhone,"...does not include the Fake Washington Post, which is used as a ‚Äúlobbyist‚Äù and should so  REGISTER. If the P.O. ‚Äúincreased its parcel rates, Amazon‚Äôs shipping costs would rise by $2.6 Billion.‚Äù This Post Office scam must stop. Amazon must pay real costs (and taxes) now!",2018-03-31,22610,89937,980065419632566272,12:52:59.000000
14322,Twitter for iPhone,"Only fools, or worse, are saying that our money losing Post Office makes money with Amazon. THEY LOSE A FORTUNE, and this will be changed. Also, our fully tax paying retailers are closing stores all over the country...not a level playing field!",2018-04-02,18414,77519,980800783313702912,13:35:03.000000
14427,Twitter for iPhone,States and Cities throughout our Country are being cheated and treated so badly by online retailers. Very unfair to traditional tax paying stores!,2018-04-17,14227,70002,986378606606737408,22:59:20.000000
14456,Twitter for iPhone,Nancy Pelosi is going absolutely crazy about the big Tax Cuts given to the American People by the Republicans...got not one Democrat Vote! Here‚Äôs a choice. They want to end them and raise your taxes substantially. Republicans are working on making them permanent and more cuts!,2018-04-20,28986,110478,987282387196436480,10:50:38.000000
14659,Twitter for iPhone,"California finally deserves a great Governor, one who understands borders, crime and lowering taxes. John Cox is the man - he‚Äôll be the best Governor you‚Äôve ever had. I fully endorse John Cox for Governor and look forward to working with him to Make California Great Again!",2018-05-18,25000,102430,997597940444221440,22:00:58.000000
14682,Twitter for iPhone,".@AsaHutchinson, the great Governor of Arkansas, is in a primary tomorrow. He has done an incredible job with a focus on lower taxes, border security, and crime prevention. Asa loves our military and our veterans. I fully endorse Asa for Governor!",2018-05-21,18313,76098,998704493335334912,23:18:00.000000
14716,Twitter for iPhone,"Democrats are so obviously rooting against us in our negotiations with North Korea. Just like they are coming to the defense of MS 13 thugs, saying that they are individuals &amp; must be nurtured, or asking to end your big Tax Cuts &amp; raise your taxes instead. Dems have lost touch!",2018-05-25,26952,97482,999984507574018048,12:04:20.000000
14750,Twitter for iPhone,"California has a rare opportunity to turn things around and solve its high crime, high tax, problems - along with so many others. On June 5th., vote for GOP Gubernatorial Candidate JOHN COX, a really good and highly competent man. He‚Äôll Make California Great Again!",2018-05-28,24860,100521,1001220050995511296,21:53:56.000000
14805,Twitter for iPhone,China already charges a tax of 16% on soybeans. Canada has all sorts of trade barriers on our Agricultural products. Not acceptable!,2018-06-04,14518,64831,1003617811254710272,12:41:47.000000
14859,Twitter for iPhone,"‚Äú$3 billion payoff: 101 utilities cut rates, credit GOP tax cuts‚Äù https://t.co/x1a1OJuRgd",2018-06-07,10792,42062,1004752551034654720,15:50:50.000000
14879,Twitter for iPhone,"The United States will not allow other countries to impose massive Tariffs and Trade Barriers on its farmers, workers and companies. While sending their product into our country tax free. We have put up with Trade Abuse for many decades ‚Äî and that is long enough.",2018-06-09,30027,125475,1005554429087514624,20:57:12.000000
14897,Twitter for iPhone,"I strongly endorse Adam Laxalt for Governor of Nevada. Adam is smart, works hard, and knows how to win. He will be a great Governor. Also, will fight hard to lower your taxes and is tough on crime!",2018-06-12,14739,64500,1006619872367804416,19:30:54.000000
14898,Twitter for iPhone,"Mark Sanford has been very unhelpful to me in my campaign to MAGA. He is MIA and nothing but trouble. He is better off in Argentina. I fully endorse Katie Arrington for Congress in SC, a state I love. She is tough on crime and will continue our fight to lower taxes. VOTE Katie!",2018-06-12,18770,79157,1006630395067039744,20:12:43.000000
14912,Twitter for iPhone,"Congratulations to Corey Stewart for his great victory for Senator from Virginia. Now he runs against a total stiff, Tim Kaine, who is weak on crime and borders, and wants to raise your taxes through the roof. Don‚Äôt underestimate Corey, a major chance of winning!",2018-06-13,16367,74404,1006837459794251776,09:55:31.000000
14932,Twitter for iPhone,"U.S.A. Jobs numbers are the BEST in 44 years. If my opponent (the Democrats) had won the election, they would have raised taxes substantially and increased regulations - the economy, and jobs, would have been a disaster!",2018-06-15,21635,98957,1007589800667435008,11:45:03.000000
15004,Twitter for iPhone,Big Supreme Court win on internet sales tax - about time! Big victory for fairness and for our country. Great victory for consumers and retailers.,2018-06-21,14011,67027,1009900449456115712,20:46:44.000000
15029,Twitter for iPhone,"...everyone how much he likes me, but he will only vote with Nancy Pelosi. Keith is strong on borders and tough on crime ‚Äî and loves cutting taxes! #MAGA",2018-06-23,7774,36985,1010522945402224640,14:00:19.000000
15061,Twitter for iPhone,"....When I had Harley-Davidson officials over to the White House, I chided them about tariffs in other countries, like India, being too high. Companies are now coming back to America. Harley must know that they won‚Äôt be able to sell back into U.S. without paying a big tax!",2018-06-26,11959,56864,1011574256117993472,11:37:51.000000
15064,Twitter for iPhone,"A Harley-Davidson should never be built in another country-never! Their employees and customers are already very angry at them. If they move, watch, it will be the beginning of the end - they surrendered, they quit! The Aura will be gone and they will be taxed like never before!",2018-06-26,19167,87652,1011584315040419840,12:17:49.000000
15168,Twitter for iPhone,Getting ready to leave for Europe. First meeting - NATO. The U.S. is spending many times more than any other country in order to protect them. Not fair to the U.S. taxpayer. On top of that we lose $151 Billion on Trade with the European Union. Charge us big Tariffs (&amp; Barriers)!,2018-07-10,15620,71535,1016616792926703616,09:35:05.000000
15373,Twitter for iPhone,"....them richer. Their network is highly overrated, I have beaten them at every turn. They want to protect their companies outside the U.S. from being taxed, I‚Äôm for America First &amp; the American Worker - a puppet for no one. Two nice guys with bad ideas. Make America Great Again!",2018-07-31,16864,74917,1024239166429769728,10:23:41.000000
15416,Twitter for iPhone,July is just the ninth month since 1970 that unemployment has fallen below 4%. Our economy has added 3.7 million jobs since I won the Election. 4.1 GDP. More than 4 million people have received a pay raise due to tax reform. $400 Billion brought back from ‚Äúoverseas.‚Äù @FoxNews,2018-08-03,18443,77998,1025504226204680192,22:10:35.000000
15424,Twitter for iPhone,"Will be going to Ohio tonight to campaign for Troy Balderson for the big Congressional Special Election on Tuesday. Early voting is on. Troy is strong on Crime, the Border &amp; loves our Military, Vets &amp; 2nd Amendment. His opponent is a puppet of Nancy Pelosi/high taxes.",2018-08-04,15637,70696,1025725493373558784,12:49:49.000000
15435,Twitter for iPhone,"...Danny O‚ÄôConnor is a total puppet for Nancy Pelosi and Maxine Waters ‚Äì Danny wants to raise your taxes, open your borders, and take away your 2nd Amendment. Vote for Troy on Tuesday!",2018-08-05,15195,63195,1025920076279627776,01:43:01.000000
15437,Twitter for iPhone,"Tariffs are working big time. Every country on earth wants to take wealth out of the U.S., always to our detriment. I say, as they come,Tax them. If they don‚Äôt want to be taxed, let them make or build the product in the U.S. In either event, it means jobs and great wealth.....",2018-08-05,16604,75150,1026075214227165184,11:59:29.000000
15438,Twitter for iPhone,"..Because of Tariffs we will be able to start paying down large amounts of the $21 Trillion in debt that has been accumulated, much by the Obama Administration, while at the same time reducing taxes for our people. At minimum, we will make much better Trade Deals for our country!",2018-08-05,19789,81856,1026076959980302336,12:06:25.000000
15479,Twitter for iPhone,Deal with Mexico is coming along nicely. Autoworkers and farmers must be taken care of or there will be no deal. New President of Mexico has been an absolute gentleman. Canada must wait. Their Tariffs and Trade Barriers are far too high. Will tax cars if we can‚Äôt make a deal!,2018-08-10,24781,101159,1028056640422068224,23:12:58.000000
15562,Twitter for iPhone,"How does a politician, Cuomo, known for pushing people and businesses out of his state, not to mention having the highest taxes in the U.S., survive making the statement, WE‚ÄôRE NOT GOING TO MAKE AMERICA GREAT AGAIN, IT WAS NEVER THAT GREAT? Which section of the sentence is worse?",2018-08-17,20620,78103,1030419975692005376,11:44:01.000000
15570,Twitter for iPhone,"Which is worse, Hightax Andrew Cuomo's statement, ‚ÄúWE‚ÄôRE NOT GOING TO MAKE AMERICA GREAT AGAIN, IT WAS NEVER THAT GREAT‚Äù or Hillary Clinton‚Äôs ‚ÄúDEPLORABLES‚Äù statement...",2018-08-17,18617,76418,1030536206415802368,19:25:52.000000
15613,Twitter for iPhone,"Bill DeBlasio, the high taxing Mayor of NYC, just stole my campaign slogan: PROMISES MADE  PROMISES KEPT! That‚Äôs not at all nice. No imagination! @foxandfriends",2018-08-21,19394,79926,1031907600219209728,14:15:18.000000
15620,Twitter for iPhone,"I feel very badly for Paul Manafort and his wonderful family. ‚ÄúJustice‚Äù took a 12 year old tax case, among other things, applied tremendous pressure on him and, unlike Michael Cohen, he refused to ‚Äúbreak‚Äù - make up stories in order to get a ‚Äúdeal.‚Äù Such respect for a brave man!",2018-08-22,22662,96678,1032256443985084416,13:21:29.000000
15816,Twitter for iPhone,"Apple prices may increase because of the massive Tariffs we may be imposing on China - but there is an easy solution where there would be ZERO tax, and indeed a tax incentive. Make your products in the United States instead of China. Start building new plants now. Exciting! #MAGA",2018-09-08,28281,112546,1038453273286664192,15:45:28.000000
15826,Twitter for iPhone,"If the U.S. sells a car into China, there is a tax of 25%. If China sells a car into the U.S., there is a tax of 2%. Does anybody think that is FAIR? The days of the U.S. being ripped-off by other nations is OVER!",2018-09-09,32757,133067,1038789398140084224,14:01:06.000000
16063,Twitter for iPhone,Congressman Bishop is doing a GREAT job! He helped pass tax reform which lowered taxes for EVERYONE! Nancy Pelosi is spending hundreds of thousands of dollars on his opponent because they both support a liberal agenda of higher taxes and wasteful spending!,2018-10-04,17129,70888,1047974091318149120,22:17:48.000000
16130,Twitter for iPhone,"Highly respected Congressman Keith Rothfus (R) of Pennsylvania is in the fight of his life because the Dems changed the District Map. He must win. Strong on crime, borders, big tax &amp; reg cuts, Military &amp; Vets. Opponent Lamb a Pelosi puppet-weak on crime. BIG ENDORSEMENT FOR KEITH",2018-10-13,26519,91501,1051166436029358080,17:43:02.000000
16173,Twitter for iPhone,"Watched the debate last night &amp; Beto O‚ÄôRourke, who wants higher taxes and far more regulations, is not in the same league with Ted Cruz &amp; what the great people of Texas stand for &amp; want. Ted is strong on Crime, Border &amp; 2nd A, loves our Military, Vets, Low Taxes. Beto is a Flake!",2018-10-17,20321,78161,1052527724143763456,11:52:19.000000
16174,Twitter for iPhone,"Ted Cruz has done so much for Texas, including massive cuts in taxes and regulations - which has brought Texas to the best jobs numbers in the history of the state. He watches carefully over your 2nd Amendment. O‚ÄôRourke would blow it all! Ted has long had my Strong Endorsement!",2018-10-17,20115,80076,1052529703800721408,12:00:11.000000
16205,Twitter for iPhone,"Jon Tester says one thing to voters and does the EXACT OPPOSITE in Washington. Tester takes his orders form Pelosi &amp; Schumer. Tester wants to raise your taxes, take away your 2A, open your borders, and deliver MOB RULE. Retire Tester &amp; Elect America-First Patriot Matt Rosendale!",2018-10-19,22422,77524,1053121500151074816,03:11:46.000000
16363,Twitter for iPhone,"Illegal immigration affects the lives of all Americans. Illegal Immigration hurts American workers, burdens American taxpayers, undermines public safety, and places enormous strain on local schools, hospitals and communities...
https://t.co/eN1IqPNBJY",2018-11-01,29041,94089,1058100070158098432,20:54:49.000000
16389,Twitter for iPhone,"If Chuck Schumer and Nancy Pelosi gain the majority, they will try to raise your taxes, restore job-killing regulations, shut down your coal mines and timber mills, take away your healthcare, impose socialism, and ERASE your borders. VOTE for @MattForMontana and @GregForMontana! https://t.co/aDnCQKY7QD",2018-11-03,18479,58442,1058820790546821120,20:38:43.000000
16410,Twitter for iPhone,"If @AndrewGillum did the same job with Florida that he has done in Tallahassee as Mayor, the State will be a crime ridden, overtaxed mess. @RonDeSantisFL will be a great Governor. VOTE!!!!!!",2018-11-05,18592,60703,1059435440497934336,13:21:07.000000
16426,Twitter for iPhone,"A fantastic evening in Girardeau, Missouri. Josh @HawleyMO will be a tireless champion for YOU. He is great on jobs, great on tax cuts, and tough on crime. He shares your values, and he will always support our Military, Vets and Police! Get out tomorrow and VOTE for Josh!! https://t.co/8zgyv5x2A6",2018-11-06,3719,11725,1059673017511485440,05:05:09.000000
16428,Twitter for iPhone,"A fantastic evening in Cape Girardeau, Missouri. Josh @HawleyMO will be a tireless champion for YOU. He is great on jobs, great on tax cuts, and tough on crime. He shares your values, and he will always support our Military, Vets and Police! Get out tomorrow and VOTE for Josh!! https://t.co/YPB8nqX2d6",2018-11-06,11798,46028,1059695972907921408,06:36:22.000000
16521,Twitter for iPhone,"....their country‚Äôs flag. Can this be possible? Yes, because it is all a BIG CON, and the American taxpayer is paying for it!",2018-11-17,26273,111566,1063593459695669248,00:43:36.000000
16595,Twitter for iPhone,"The reason that the small truck business in the U.S. is such a go to favorite is that, for many years, Tariffs of 25% have been put on small trucks coming into our country. It is called the ‚Äúchicken tax.‚Äù If we did that with cars coming in, many more cars would be built here.....",2018-11-28,17319,71225,1067791101782831104,14:43:31.000000
16651,Twitter for iPhone,....in the world. I want clean air and clean water and have been making great strides in improving America‚Äôs environment. But American taxpayers ‚Äì and American workers ‚Äì shouldn‚Äôt pay to clean up others countries‚Äô pollution.,2018-12-04,23877,99706,1070089367224549376,22:56:01.000000
16684,Twitter for iPhone,"Hopefully Mitch McConnell will ask for a VOTE on Criminal Justice Reform. It is extremely popular and has strong bipartisan support. It will also help a lot of people, save taxpayer dollars, and keep our communities safe. Go for it Mitch!",2018-12-07,17851,81241,1071146400019169280,20:56:17.000000
16693,Twitter for iPhone,Very sad day &amp; night in Paris. Maybe it‚Äôs time to end the ridiculous and extremely expensive Paris Agreement and return money back to the people in the form of lower taxes? The U.S. was way ahead of the curve on that and the only major country where emissions went down last year!,2018-12-08,39181,151275,1071454998414921728,17:22:32.000000
16717,Twitter for iPhone,Thanks to Leader McConnell for agreeing to bring a Senate vote on Criminal Justice this week! These historic changes will make communities SAFER and SAVE tremendous taxpayers dollars. It brings much needed hope to many families during the Holiday Season.,2018-12-11,21960,104310,1072614269773119488,22:09:04.000000
17264,Twitter for iPhone,"Democrats are becoming the Party of late term abortion, high taxes, Open Borders and Crime!",2019-01-31,43513,144571,1090967053689937920,13:36:29.000000
17624,Twitter for iPhone,"RT @paulsperry_: Cohen claimed his shady father-in-law's ""in the clothing business"" when in fact he's loan shark in same taxicab medallion‚Ä¶",2019-03-08,7831,0,1104119160290783232,20:38:16.000000
17645,Twitter for iPhone,"I hope the grandstanding Governor of California is able to spend his very highly taxed citizens money on asylum holds more efficiently than money has been spent on the so-called Fast Train, which is $Billions over budget &amp; in total disarray. Time to reduce taxes in California!",2019-03-09,22984,103208,1104499701016133632,21:50:23.000000
17690,Twitter for iPhone,"RT @WhiteHouse: All across America, hardworking taxpayers balance their household budgets, find ways to do more with less, and still manage‚Ä¶",2019-03-13,9486,0,1105675091457855488,03:40:58.000000
18016,Twitter for iPhone,"RT @Jim_Jordan: Dem talk:
-Abolish ICE
-Borderless hemisphere
-Walls are immoral
-Illegals should vote
-Raise taxes

@POTUS action:
-Regs r‚Ä¶",2019-04-08,20382,0,1115224392844312576,12:06:29.000000
18017,Twitter for iPhone,"RT @Jim_Jordan: Dems want President‚Äôs tax returns for purely political purposes!

Frightening, but shouldn‚Äôt surprise us‚Äîsame folks used th‚Ä¶",2019-04-08,22934,0,1115225104122818560,12:09:19.000000
18018,Twitter for iPhone,"RT @cspan: Rep. @Jim_Jordan on President Trump's tax returns: ""There's no law that says they have to be public.""

Watch full #Newsmakers in‚Ä¶",2019-04-08,9830,0,1115225213426442240,12:09:45.000000
18096,Twitter for iPhone,"Just out: The USA has the absolute legal right to have apprehended illegal immigrants transferred to Sanctuary Cities. We hereby demand that they be taken care of at the highest level, especially by the State of California, which is well known or its poor management &amp; high taxes!",2019-04-14,43044,166463,1117242926654947328,01:47:25.000000
18247,Twitter for iPhone,"RT @MarshaBlackburn: Here‚Äôs what #TaxReform has brought to our country: 
‚úÖ3.2 million new jobs
‚úÖA bigger paycheck for ~90% of taxpayers
‚úÖLo‚Ä¶",2019-04-22,9734,0,1120477290650116096,23:59:38.000000
18312,Twitter for iPhone,"Spoke to Saudi Arabia and others about increasing oil flow. All are in agreement. The California tax on gasoline is causing big problems on pricing for that state. Speak to your Governor about reducing. Economic numbers, 3.2% GDP for what is often worst quarter, looking good!",2019-04-26,19980,79380,1121844339200540672,18:31:47.000000
18337,Twitter for iPhone,"....People are fleeing New York State because of high taxes and yes, even oppression of sorts. They didn‚Äôt even put up a fight against SALT - could have won. So much litigation. The NRA should leave and fight from the outside of this very difficult to deal with (unfair) State!",2019-04-29,17980,77913,1122853926087348224,13:23:32.000000
18338,Twitter for iPhone,"I‚Äôll never get the support of Dues Crazy union leadership, those people who rip-off their membership with ridiculously high dues, medical and other expenses while being paid a fortune. But the members love Trump. They look at our record economy, tax &amp; reg cuts, military etc. WIN!",2019-04-29,24723,114625,1122871319857696768,14:32:39.000000
18511,Twitter for iPhone,"....of additional goods sent to us by China remain untaxed, but will be shortly, at a rate of 25%. The Tariffs paid to the USA have had little impact on product cost, mostly borne by China. The Trade Deal with China continues, but too slowly, as they attempt to renegotiate. No!",2019-05-05,18577,77372,1125069836088950784,16:08:46.000000
18553,Twitter for iPhone,"Real estate developers in the 1980‚Äôs &amp; 1990‚Äôs, more than 30 years ago, were entitled to massive write offs and depreciation which would, if one was actively building, show losses and tax losses in almost all cases. Much was non monetary. Sometimes considered ‚Äútax shelter,‚Äù ......",2019-05-08,19259,93719,1126078422797602816,10:56:32.000000
18554,Twitter for iPhone,"....you would get it by building, or even buying. You always wanted to show losses for tax purposes....almost all real estate developers did - and often re-negotiate with banks, it was sport. Additionally, the very old information put out is a highly inaccurate Fake News hit job!",2019-05-08,16812,84592,1126078423816921088,10:56:32.000000
18566,Twitter for iPhone,"RT @realDonaldTrump: ....you would get it by building, or even buying. You always wanted to show losses for tax purposes....almost all real‚Ä¶",2019-05-08,16812,0,1126136003490721792,14:45:20.000000
18719,Twitter for iPhone,"....employment numbers ever, low taxes &amp; regulations, a rebuilt military &amp; V.A., many great new judges, &amp; so much more. But we have had a giant SCAM perpetrated upon our nation, a Witch Hunt, a Treasonous Hoax. That is the Constitutional Crisis &amp; hopefully guilty people will pay!",2019-05-12,17190,72618,1127688824409264128,21:35:41.000000
18740,Twitter for iPhone,"RT @GOPChairwoman: Asian Americans are winning with @realDonaldTrump:
 
2.1% unemployment rate ‚Äì the lowest in history!

Asian taxpayers re‚Ä¶",2019-05-13,8527,0,1127924930048339968,13:13:53.000000
18780,Twitter for iPhone,"The Dems are getting another beauty to join their group. Bill de Blasio of NYC, considered the worst mayor in the U.S., will supposedly be making an announcement for president today. He is a JOKE, but if you like high taxes &amp; crime, he‚Äôs your man. NYC HATES HIM!",2019-05-16,30649,130042,1129001970654679040,12:33:40.000000
18862,Twitter for iPhone,"...Mexico‚Äôs attitude is that people from other countries, including Mexico, should have the right to flow into the U.S. &amp; that U.S. taxpayers should be responsible for the tremendous costs associated w/this illegal migration. Mexico is wrong and I will soon be giving a response!",2019-05-21,22061,98932,1130870087823613952,16:16:54.000000
18880,Twitter for iPhone,RT @RepMarkMeadows: A question every American should ask: what on earth was the point of a taxpayer funded special counsel if we‚Äôre going t‚Ä¶,2019-05-22,17426,0,1131147315945889792,10:38:30.000000
19076,Twitter for iPhone,"....Coyotes and Illegal Immigrants, which they can do very easily, or our many companies and jobs that have been foolishly allowed to move South of the Border, will be brought back into the United States through taxation (Tariffs). America has had enough!",2019-06-02,21613,107985,1135150118120939520,11:44:12.000000
19484,Twitter for iPhone,"Democrats want Open Borders, which equals violent crime, drugs and human trafficking. They also want very high taxes, like 90%. Republicans want what‚Äôs good for America - the exact opposite!",2019-06-26,19190,75061,1143839815600918528,11:13:58.000000
19541,Twitter for iPhone,"Congratulations to legislators in New Jersey for not passing taxes that would have driven large numbers of high end taxpayers out of the state. Many were planning to leave, &amp; will now be staying. New York &amp; others should start changing their thought process on taxes, fast!",2019-07-01,14260,66802,1145705584517373952,14:47:52.000000
19549,Twitter for iPhone,"....New York businesses in search of anything at all they can find to make me look as bad as possible. So, on top of ridiculously high taxes, my children and companies are spending a fortune on lawyers. No wonder people and businesses are fleeing New York in record numbers!",2019-07-01,16327,78716,1145726442636029952,16:10:45.000000
19556,Twitter for iPhone,"...Texas will defend them &amp; indemnify them against political harassment by New York State and Governor Cuomo. So many people are leaving New York for Texas and Florida that it is totally under siege. First New York taxes you too high, then they sue you, just to complete the job",2019-07-02,14082,72454,1146016074384773120,11:21:38.000000
19658,Twitter for iPhone,RT @SteveScalise: America‚Äôs economy thrives when you cut taxes and get harmful Washington regulations out of the way. Republicans and @real‚Ä¶,2019-07-06,11512,0,1147641712438861824,23:01:21.000000
19659,Twitter for iPhone,"Sleepy Joe Biden just admitted he worked with segregationists and separately, has already been very plain about the fact that he will be substantially raising everyone‚Äôs taxes if he becomes president. Ridiculously, all Democrats want to substantially raise taxes!",2019-07-07,23335,98804,1147853700217618432,13:03:42.000000
19883,Twitter for iPhone,"....with the U.S., and wishes it had not broken the original deal in the first place. In the meantime, we are receiving Billions of Dollars in Tariffs from China, with possibly much more to come. These Tariffs are paid for by China devaluing &amp; pumping, not by the U.S. taxpayer!",2019-07-15,17005,92841,1150717475421663232,10:43:20.000000
19922,Twitter for iPhone,"....Greatest Economic BOOM in the history of our Country, the best job numbers, biggest tax reduction, rebuilt military and much more, is now OVER. This should never be allowed to happen to another President of the United States again!",2019-07-17,24401,132715,1151618791069114368,22:24:50.000000
20024,Twitter for iPhone,"‚ÄúI completely read the entire Mueller Report, and do you know what I concluded after reading both Volume 1 and Volume 2? There is no there there. NO THERE THERE! We completely wasted everybody‚Äôs time and taxpayer‚Äôs money.‚Äù @trishregan",2019-07-23,3066,11357,1153490947788955648,02:24:07.000000
20025,Twitter for iPhone,"‚ÄúI completely read the entire Mueller Report, and do you know what I concluded after reading both Volume 1 and Volume 2? There is no there there. NO THERE THERE! We completely wasted everybody‚Äôs time and taxpayer‚Äôs money.‚Äù @trish_regan",2019-07-23,22794,99681,1153494667574632448,02:38:54.000000
20032,Twitter for iPhone,"....Tariffs, Remittance Fees, or all of the above. Guatemala has not been good. Big U.S. taxpayer dollars going to them was cut off by me 9 months ago.",2019-07-23,16008,88299,1153641907781873664,12:23:59.000000
20113,Twitter for iPhone,"France just put a digital tax on our great American technology companies. If anybody taxes them, it should be their home Country, the USA. We will announce a substantial reciprocal action on Macron‚Äôs foolishness shortly. I‚Äôve always said American wine is better than French wine!",2019-07-26,45177,186749,1154791664625606656,16:32:42.000000
20363,Twitter for iPhone,"....cause big disruption by going to Manhattan. Working almost all of the time, including evenings. Don‚Äôt have to be in W.H. to do that...And sooo many other false statements. He is right about one thing, though. I will win again in 2020. Otherwise, he pays 95% in taxes!",2019-08-10,20498,115655,1160306983376961536,21:48:36.000000
20537,Twitter for iPhone,"RT @charliekirk11: Do the math:

At the most, the Wall will cost $20 billion

Illegals cost US taxpayers $165 billion a year",2019-08-17,23667,0,1162846920928350208,22:01:25.000000
20696,Twitter for iPhone,"...unfair Trading Relationship. China should not have put new Tariffs on 75 BILLION DOLLARS of United States product (politically motivated!). Starting on October 1st, the 250 BILLION DOLLARS of goods and products from China, currently being taxed at 25%, will be taxed at 30%...",2019-08-23,15554,67154,1165005929831702528,21:00:33.000000
20697,Twitter for iPhone,"...Additionally, the remaining 300 BILLION DOLLARS of goods and products from China, that was being taxed from September 1st at 10%, will now be taxed at 15%. Thank you for your attention to this matter!",2019-08-23,17058,74013,1165005930733473792,21:00:33.000000
20722,Twitter for iPhone,"‚ÄúFace It, You Probably Got A Tax Cut!‚Äù This was a New York Times headline, and it is very true. If Republicans take back the House, and keep the Senate and Presidency, one of our first acts will be to approve a major middle income Tax Cut! Democrats only want to raise your taxes!",2019-08-24,22104,82975,1165281416206266368,15:15:14.000000
20835,Twitter for iPhone,"RT @club4growth: Agreed, @SenTedCruz &amp; @taxreformer. We‚Äôre not tired of all this winning. @realdonaldtrump should boost our already winning‚Ä¶",2019-08-30,4254,0,1167409671357026304,12:12:09.000000
21144,Twitter for iPhone,"..that this Administration has done. They don‚Äôt talk about the great economy, the big tax and regulation cuts, the rebuilding of the Military, ‚ÄúChoice‚Äù at our VA, our Vets, Judges and Supreme Court Justices, the Border Wall going up, lowest crime numbers, 2nd A, and so much more!",2019-09-09,9697,43051,1171051473607823360,13:23:23.000000
21359,Twitter for iPhone,"RT @WhiteHouse: Thanks to President @realDonaldTrump‚Äôs historic tax reform legislation, 879 Opportunity Zones will stimulate investment in‚Ä¶",2019-09-18,4043,0,1174288815004901376,11:47:25.000000
21400,Twitter for iPhone,"RT @Jim_Jordan: Oversight hearing on DC statehood. Dems‚Äô planned map would carve out Trump Hotel.

Is it because they want the tax revenue?‚Ä¶",2019-09-20,9037,0,1174869332473589760,02:14:11.000000
22090,Twitter for iPhone,"I will be in Louisiana tonight (Love it!) to get Republicans to vote for either of our two great Republican Candidates and force a run off with John Bel Edwards, who has done a really poor job of tax cutting, car insurance cost (worst in USA), &amp; is suspect on your 2nd Amendment!",2019-10-11,12709,51104,1182657102357110784,14:00:00.000000
22099,Twitter for iPhone,"RT @WhiteHouse: ‚úÖ Median household income is at a record high
‚úÖ The average household saw a $1400 tax cut
‚úÖ Unemployment has fallen to 3.5%‚Ä¶",2019-10-11,7539,0,1182680500760170496,15:32:59.000000
22152,Twitter for iPhone,"Louisiana, get out and vote REPUBLICAN before going to the big game today. A runoff will be a tremendous win for your Great State - lower taxes and car insurance, and better protection of your 2nd Amendment! Fantastic being with you last night!",2019-10-12,17308,71187,1183023558655709184,14:16:10.000000
22170,Twitter for iPhone,RT @DevinNunes: CA Republicans tried to repeal new gas tax. Unfortunately Dem/Socialists/Media rejected it. Now we pay the price here in CA‚Ä¶,2019-10-13,18997,0,1183239217700364288,04:33:07.000000
22299,Twitter for iPhone,"Democrats are now the party of high taxes, high crime, open borders, late-term abortion, socialism, and blatant corruption. The Republican Party is the party of the American Worker, the American Family, and the American Dream! #KAG2020 https://t.co/qXB198T5cM",2019-10-18,30987,100037,1185037614685904896,03:39:18.000000
22354,Twitter for iPhone,RT @ericmetaxas: Here is a LONG and rather revealing interview I did w/@KatrinaTrinko at the @Heritage Foundation's @DailySignal podcast! A‚Ä¶,2019-10-19,4816,0,1185606620962840576,17:20:20.000000
22691,Twitter for iPhone,"....Your current Governor, John Bel Edwards, has done a poor job with economic development (last in nation) and auto insurance (highest in nation) wants to raise your taxes BIG - vote for Eddie starting Saturday!",2019-10-30,10411,39222,1189614078534311936,18:44:32.000000
22738,Twitter for iPhone,"....New York, and always will, but unfortunately, despite the fact that I pay millions of dollars in city, state and local taxes each year, I have been treated very badly by the political leaders of both the city and state. Few have been treated worse. I hated having to make....",2019-11-01,15315,76863,1190079192358105088,01:32:44.000000
22746,Twitter for iPhone,"‚ÄúThis is the biggest, most disgusting scandal, and it‚Äôs all on the Democrat  Party that has highjacked the Impeachment process, our tax dollars, the House of Representatives, to push their 2020 Election. That‚Äôs what‚Äôs going on.‚Äù @marklevinshow  Cannot be said any better!",2019-11-01,19333,70163,1190244509277458432,12:29:39.000000
22759,Twitter for iPhone,"....in New York, and another reason they are leaving. Taxes and energy costs are way too high, Upstate is being allowed to die as other nearby states frack &amp; drill for Gold (oil) while reducing taxes &amp; creating jobs by the thousands. NYC is getting dirty &amp; unsafe again, as",2019-11-01,464,1555,1190373502416752640,21:02:13.000000
22763,Twitter for iPhone,"....in New York, and another reason they are leaving. Taxes and energy costs are way too high, Upstate is being allowed to die as other nearby states frack &amp; drill for Gold (oil) while reducing taxes &amp; creating jobs by the thousands. NYC is getting dirty &amp; unsafe again, as....",2019-11-01,6662,25397,1190375830247104512,21:11:28.000000
22780,Twitter for iPhone,"Louisiana has a chance to have a really great Governor in @EddieRispone. Auto insurance costs and taxes will be coming way down with Eddie, and your 2nd Amendment will be protected. Current Democrat governor has done a really poor job! VOTE EARLY FOR EDDIE!",2019-11-02,15879,59988,1190694747716886528,18:18:44.000000
22799,Twitter for iPhone,"RT @VP: Under President @realDonaldTrump, we‚Äôve cut taxes, rolled back red tape, unleashed American energy and forged free, fair and recipr‚Ä¶",2019-11-02,10601,0,1190757192036732928,22:26:52.000000
22801,Twitter for iPhone,RT @realDonaldTrump: Louisiana has a chance to have a really great Governor in @EddieRispone. Auto insurance costs and taxes will be coming‚Ä¶,2019-11-02,15844,0,1190757434844946432,22:27:50.000000
22826,Twitter for iPhone,"I hope everyone in the Great State of Virginia will get out and VOTE on Tuesday in all of the local and state elections to send a signal to D.C. that you want lower taxes, a strong Military, Border &amp; 2nd Amendment, great healthcare, and must take care of our Vets. VOTE REPUBLICAN",2019-11-03,23869,89491,1191087187443490816,20:18:09.000000
22847,Twitter for iPhone,"Great Republican Geary Higgins has my complete and total Endorsement for Virginia Senate, 13th District. He is strong on Crime, the Border, our Military, Cutting Taxes, and protecting your 2nd Amendment. Dem John Bell will take your guns &amp; raise your taxes. Vote for Geary Higgins",2019-11-04,14937,56223,1191218806468820992,05:01:09.000000
22850,Twitter for iPhone,"Louisiana, get out and Vote Early for @EddieRispone as your next Governor. Lower Taxes and car insurance. Will protect your 2nd Amendment. John Bel Edwards is always fighting our MAGA Agenda. Wants to raise your taxes and car insurance to the sky. Vote for Republican Eddie R!",2019-11-04,14500,50788,1191222515030470656,05:15:54.000000
23130,Twitter for iPhone,Getting ready to land in Louisiana to do Rally with Great Republican @EddieRispone for Governor. He will get your taxes and auto insurance (highest in Country!) way down. Loves our Military &amp; Vets. Will protect your 2nd Amendment. VOTE SATURDAY!,2019-11-15,13554,60441,1195136338510499840,00:28:02.000000
23160,Twitter for iPhone,Good morning Louisiana! Polls are open at 7AM. Get out and VOTE for @EddieRispone to be your next Gov! He will get your taxes and auto insurance (highest in Country!) way down. Loves our Military &amp; Vets. Will protect your 2A. Find your polling place below: https://t.co/0rnhb4z3HU,2019-11-16,18008,57237,1195690037461094400,13:08:14.000000
23170,Twitter for iPhone,"Louisiana, 3 hours left, get out and Vote for @EddieRispone for Governor. Lower taxes and much more!",2019-11-16,13380,50435,1195844715238830080,23:22:52.000000
23272,Twitter for iPhone,"Bob Mueller, after spending two years and 45 million dollars, went over all of my financials, &amp; my taxes, and found nothing. Now the Witch Hunt continues with local New York Democrat prosecutors going over every financial deal I have ever done. This has never happened to a.....",2019-11-21,17933,68101,1197499642243670016,12:58:57.000000
